Date,Cash,Spot,Cash.1,Spot.1
2025-01-02 00:00:00,33.2700,33.8900,34.6100,34.2900
2025-01-03 00:00:00,33.0400,33.6600,34.3800,34.0600
2025-01-06 00:00:00,33.1300,33.7500,34.4700,34.1500
2025-01-07 00:00:00,33.2700,33.8900,34.6100,34.2900
2025-01-08 00:00:00,33.1700,33.7900,34.5100,34.1900
2025-01-09 00:00:00,33.0900,33.7100,34.4300,34.1100
2025-01-10 00:00:00,33.1200,33.7400,34.4600,34.1400
2025-01-13 00:00:00,33.0200,33.6400,34.3600,34.0400
2025-01-14 00:00:00,33.0000,33.6200,34.3400,34.0200
2025-01-15 00:00:00,33.2600,33.8800,34.6000,34.2800
2025-01-16 00:00:00,33.0900,33.7100,34.4300,34.1100
2025-01-17 00:00:00,33.0600,33.6800,34.4000,34.0800
2025-01-20 00:00:00,33.0200,33.6400,34.3600,34.0400
2025-01-21 00:00:00,33.1800,33.8000,34.5200,34.2000
2025-01-22 00:00:00,33.3200,33.9400,34.6600,34.3400
2025-01-23 00:00:00,33.2600,33.8800,34.6000,34.2800
2025-01-24 00:00:00,33.3700,33.9900,34.7100,34.3900
2025-02-03 00:00:00,32.8800,33.5000,34.2200,33.9000
2025-02-04 00:00:00,33.2000,33.8200,34.5400,34.2200
2025-02-05 00:00:00,33.3700,33.9900,34.7100,34.3900
2025-02-06 00:00:00,33.2600,33.8800,34.6000,34.2800
2025-02-07 00:00:00,33.2100,33.8300,34.5500,34.2300
2025-02-08 00:00:00,33.0500,33.6700,34.3900,34.0700
2025-02-10 00:00:00,33.0600,33.6800,34.4000,34.0800
2025-02-11 00:00:00,33.0200,33.6400,34.3600,34.0400
2025-02-12 00:00:00,33.2800,33.9000,34.6200,34.3000
2025-02-13 00:00:00,33.3800,34.0000,34.7200,34.4000
2025-02-14 00:00:00,33.5000,34.1200,34.8400,34.5200
2025-02-17 00:00:00,33.4700,34.0900,34.8100,34.4900
2025-02-18 00:00:00,33.4800,34.1000,34.8200,34.5000
2025-02-19 00:00:00,33.4100,34.0300,34.7500,34.4300
2025-02-20 00:00:00,33.4000,34.0200,34.7400,34.4200
2025-02-21 00:00:00,33.5500,34.1700,34.8900,34.5700
2025-02-24 00:00:00,33.5000,34.1200,34.8400,34.5200
2025-02-25 00:00:00,33.4900,34.1100,34.8300,34.5100
2025-02-26 00:00:00,33.6000,34.2200,34.9400,34.6200
2025-02-27 00:00:00,33.5600,34.1800,34.9000,34.5800
2025-03-03 00:00:00,33.4400,34.0600,34.7800,34.4600
2025-03-04 00:00:00,33.7200,34.3400,35.0600,34.7400
2025-03-05 00:00:00,34.2100,34.8300,35.5500,35.2300
2025-03-06 00:00:00,34.6600,35.2800,36.0000,35.6800
2025-03-07 00:00:00,34.7500,35.3700,36.0900,35.7700
2025-03-10 00:00:00,34.8100,35.4300,36.1500,35.8300
2025-03-11 00:00:00,35.0000,35.6200,36.3400,36.0200
2025-03-12 00:00:00,35.1100,35.7300,36.4500,36.1300
2025-03-13 00:00:00,35.0200,35.6400,36.3600,36.0400
2025-03-14 00:00:00,34.9100,35.5300,36.2500,35.9300
2025-03-17 00:00:00,35.0900,35.7100,36.4300,36.1100
2025-03-18 00:00:00,35.2800,35.9000,36.6200,36.3000
2025-03-19 00:00:00,35.1900,35.8100,36.5300,36.2100
2025-03-20 00:00:00,35.1100,35.7300,36.4500,36.1300
2025-03-21 00:00:00,34.9700,35.5900,36.3100,35.9900
2025-03-24 00:00:00,35.0100,35.6300,36.3500,36.0300
2025-03-25 00:00:00,34.8700,35.4900,36.2100,35.8900
2025-03-26 00:00:00,34.8900,35.5100,36.2300,35.9100
2025-03-27 00:00:00,34.8200,35.4400,36.1600,35.8400
2025-03-28 00:00:00,34.9000,35.5200,36.2400,35.9200
2025-03-31 00:00:00,35.1500,35.7700,36.4900,36.1700
2025-04-01 00:00:00,35.0500,35.6700,36.3900,36.0700
2025-04-02 00:00:00,34.8900,35.5100,36.2300,35.9100
2025-04-04 00:00:00,36.0250,35.4960,36.6250,35.9040
2025-04-07 00:00:00,36.2400,36.2210,36.6400,36.6360
2025-04-08 00:00:00,35.9800,35.9640,36.3800,36.3740
2025-04-09 00:00:00,36.3600,36.3450,36.7600,36.7530
2025-04-10 00:00:00,35.9500,35.9360,36.3500,36.3450
2025-04-11 00:00:00,36.8000,36.7850,37.2000,37.1950
2025-04-14 00:00:00,36.8100,36.7960,37.2100,37.2050
2025-04-15 00:00:00,36.6500,36.6350,37.0500,37.0450
2025-04-16 00:00:00,36.7400,36.7240,37.1400,37.1320
2025-04-17 00:00:00,36.7200,36.7060,37.1200,37.1140
2025-04-18 00:00:00,36.8900,36.8740,37.2900,37.2860
2025-04-21 00:00:00,37.2700,37.2550,37.6700,37.6640
2025-04-22 00:00:00,37.3000,37.2850,37.7000,37.6910
2025-04-23 00:00:00,36.7900,36.7750,37.1900,37.1820
2025-04-24 00:00:00,36.6700,36.6560,37.0700,37.0650
2025-04-25 00:00:00,36.6300,36.6150,37.0300,37.0270
2025-04-28 00:00:00,36.7500,36.7370,37.1500,37.1470
2025-04-29 00:00:00,36.5600,36.5460,36.9600,36.9560
2025-04-30 00:00:00,36.2700,36.2570,36.6700,36.6660
2025-05-01 00:00:00,35.8350,36.1870,36.4350,36.5960
2025-05-02 00:00:00,35.1200,35.1180,35.5200,35.5200
2025-05-05 00:00:00,33.7500,33.7290,34.1500,34.1510
2025-05-06 00:00:00,33.9600,33.9450,34.3600,34.3560
2025-05-07 00:00:00,34.1500,34.1370,34.5500,34.5460
2025-05-08 00:00:00,34.0200,34.0060,34.4200,34.4160
2025-05-09 00:00:00,33.8500,33.8370,34.2500,34.2450
2025-05-12 00:00:00,33.7500,33.7370,34.1500,34.1450
2025-05-13 00:00:00,33.5800,33.5680,33.9800,33.9750
2025-05-14 00:00:00,33.6900,33.6770,34.0900,34.0860
2025-05-15 00:00:00,33.5500,33.5380,33.9500,33.9460
2025-05-16 00:00:00,33.6100,33.5960,34.0100,34.0090
2025-05-19 00:00:00,33.5900,33.5770,33.9900,33.9870
2025-05-20 00:00:00,33.7700,33.7580,34.1700,34.1660
2025-05-21 00:00:00,33.9600,33.9470,34.3600,34.3570
2025-05-22 00:00:00,33.8200,33.8080,34.2200,34.2170
2025-05-23 00:00:00,33.7400,33.7280,34.1400,34.1360
2025-05-26 00:00:00,33.9100,33.8970,34.3100,34.3080
2025-05-27 00:00:00,33.8000,33.7900,34.2000,34.1950
2025-05-28 00:00:00,33.6400,33.6300,34.0400,34.0380
2025-05-29 00:00:00,33.5100,33.4990,33.9100,33.9080
2025-05-30 00:00:00,33.6350,33.5090,34.2350,33.9180
2025-06-02 00:00:00,33.9400,33.9280,34.3400,34.3380
2025-06-03 00:00:00,34.0600,34.0490,34.4600,34.4570
2025-06-04 00:00:00,33.9000,33.8890,34.3000,34.2980
2025-06-05 00:00:00,33.9300,33.9190,34.3300,34.3300
2025-06-06 00:00:00,33.9900,33.9800,34.3900,34.3890
2025-06-09 00:00:00,34.0200,34.0110,34.4200,34.4190
2025-06-10 00:00:00,33.9600,33.9510,34.3600,34.3590
2025-06-11 00:00:00,33.9600,33.9510,34.3600,34.3590
2025-06-12 00:00:00,34.0500,34.0380,34.4500,34.4510
2025-06-13 00:00:00,33.9100,33.8980,34.3100,34.3130
2025-06-13 12:42:30,33.8550,33.9880,34.4550,34.4030
2025-06-13 12:45:51,33.8350,33.9880,34.4350,34.4030
2025-06-13 12:46:18,33.8350,33.9880,34.4350,34.4030
2025-06-13 12:46:32,33.8350,33.9880,34.4350,34.4030
2025-06-13 12:47:42,33.8350,33.9880,34.4350,34.4030
2025-06-13 12:48:31,33.8350,33.9880,34.4350,34.4030
2025-06-13 12:48:58,33.8350,33.9880,34.4350,34.4030
2025-06-13 12:49:39,33.8350,33.9880,34.4350,34.4030
2025-06-13 12:50:20,33.8350,33.9880,34.4350,34.4030
2025-06-13 12:52:22,33.8350,33.9880,34.4350,34.4030
2025-06-13 12:53:38,33.8350,33.9880,34.4350,34.4030
2025-06-13 12:59:19,33.8350,33.9880,34.4350,34.4030
2025-06-13 13:00:05,33.8350,33.9880,34.4350,34.4030
2025-06-16 08:00:10,34.0300,34.0200,34.4300,34.4310
2025-06-16 13:00:06,33.8750,33.9500,34.4750,34.3610
2025-06-17 08:00:13,33.9000,33.8900,34.3000,34.3000
2025-06-17 13:00:08,33.8350,33.8900,34.4350,34.3000
2025-06-18 08:00:10,33.7800,33.7710,34.1800,34.1800
2025-06-18 13:00:11,33.6750,33.7910,34.2750,34.2000
2025-06-19 08:00:10,33.7100,33.7010,34.1100,34.1100
2025-06-19 13:00:22,33.7050,33.7310,34.3050,34.1400
2025-06-20 08:00:11,33.8500,33.8400,34.2500,34.2510
2025-06-20 13:00:09,33.7450,33.8000,34.3450,34.2110
2025-06-23 08:00:12,33.9500,33.9400,34.3500,34.3490
2025-06-23 13:00:10,33.8150,33.9800,34.4150,34.3890
2025-06-24 08:00:10,34.1100,34.0990,34.5100,34.5100
2025-06-24 13:00:10,33.9550,34.0090,34.5550,34.4200
2025-06-25 08:00:10,34.0300,34.0200,34.4300,34.4300
2025-06-25 13:00:08,33.8050,33.8600,34.4050,34.2700
2025-06-26 08:00:09,33.9000,33.8910,34.3000,34.3000
2025-06-26 13:00:08,33.8750,33.9210,34.4750,34.3300
2025-06-27 08:00:10,33.6900,33.6810,34.0900,34.0900
2025-06-27 13:00:06,33.8350,33.9510,34.4350,34.3600
2025-06-30 08:00:09,34.0200,34.0110,34.4200,34.4200
2025-06-30 13:00:12,34.0350,34.1390,34.6350,34.5530
2025-07-01 08:00:10,34.2200,34.2100,34.6200,34.6200
2025-07-01 13:00:07,34.1550,34.1400,34.7550,34.5500
2025-07-02 08:00:10,34.0600,34.0490,34.4600,34.4610
2025-07-02 13:00:09,33.8550,33.9390,34.4550,34.3510
2025-07-03 08:00:13,33.8600,33.8510,34.2600,34.2590
2025-07-03 13:00:12,33.7050,33.8010,34.3050,34.2090
2025-07-04 08:00:10,33.8000,33.7890,34.2000,34.2000
2025-07-04 13:00:10,33.7850,33.8390,34.3850,34.2500
2025-07-07 08:00:11,33.9600,33.9500,34.3600,34.3610
2025-07-07 13:00:07,33.7650,33.8900,34.3650,34.3010
2025-07-08 08:00:10,33.8800,33.8700,34.2800,34.2790
2025-07-08 13:00:08,33.7950,33.9700,34.3950,34.3790
2025-07-09 08:00:11,33.9100,33.9010,34.3100,34.3100
2025-07-09 13:00:08,33.8250,33.9310,34.4250,34.3400
2025-07-10 08:00:10,34.1100,34.1020,34.5100,34.5090
2025-07-10 13:00:08,34.0150,34.0920,34.6150,34.4990
2025-07-11 08:00:10,33.9500,33.9420,34.3500,34.3490
2025-07-11 13:00:09,33.8650,33.9320,34.4650,34.3390
2025-07-14 08:00:10,33.9100,33.9000,34.3100,34.3100
2025-07-14 13:00:08,33.9650,34.0300,34.5650,34.4400
2025-07-15 08:00:10,34.0700,34.0600,34.4700,34.4700
2025-07-15 13:00:08,33.9250,34.0100,34.5250,34.4200
2025-07-16 08:00:11,33.9200,33.9090,34.3200,34.3200
2025-07-16 13:00:08,33.8850,33.9790,34.4850,34.3900
2025-07-17 08:00:09,34.0100,34.0010,34.4100,34.4080
2025-07-17 13:00:07,33.7950,33.8910,34.3950,34.2980
2025-07-18 08:00:11,33.9700,33.9590,34.3700,34.3690
2025-07-18 13:00:10,33.9250,33.9990,34.5250,34.4090
2025-07-21 08:00:11,34.0200,34.0110,34.4200,34.4180
2025-07-21 13:00:09,33.9550,34.0410,34.5550,34.4480
2025-07-22 08:00:10,34.1600,34.1500,34.5600,34.5590
2025-07-22 13:00:08,34.1750,34.2100,34.7750,34.6190
2025-07-23 08:00:10,34.2100,34.2000,34.6100,34.6080
2025-07-23 13:00:10,34.1550,34.2500,34.7550,34.6580
2025-07-24 08:00:09,34.3000,34.2900,34.7000,34.7000
2025-07-24 13:00:09,34.2450,34.3700,34.8450,34.7800
2025-07-25 08:00:09,34.3500,34.3400,34.7500,34.7490
2025-07-25 13:00:12,34.2550,34.3900,34.8550,34.7990
2025-07-28 08:00:10,34.4400,34.4310,34.8400,34.8380
2025-07-28 12:00:00,33.6700,34.2900,35.0100,34.6900
2025-07-28 13:00:10,34.1550,34.2810,34.7550,34.6880
2025-07-29 08:00:11,34.1500,34.1420,34.5500,34.5490
2025-07-29 12:00:00,33.5100,34.1300,34.8500,34.5300
2025-07-29 13:00:09,34.1050,34.1220,34.7050,34.5290
2025-07-30 08:00:22,34.1300,34.1200,34.5300,34.5300
2025-07-30 12:00:00,33.5100,34.1300,34.8500,34.5300
2025-07-30 13:00:19,33.9850,34.1200,34.5850,34.5300
2025-07-31 08:00:21,34.0400,34.0300,34.4400,34.4410
2025-07-31 12:00:00,33.3800,34.0000,34.7200,34.4000
2025-07-31 13:00:20,33.8350,33.9900,34.4350,34.4010
2025-08-01 08:00:19,34.1000,34.0910,34.5000,34.5000
2025-08-01 12:00:00,33.4600,34.0800,34.8000,34.4800
2025-08-01 13:00:19,33.9750,34.0710,34.5750,34.4800
2025-08-04 08:00:20,34.3900,34.3790,34.7900,34.7900
2025-08-04 12:00:00,33.7500,34.3700,35.0900,34.7700
2025-08-04 12:00:17,34.3050,34.3590,34.9050,34.7700
2025-08-04 16:00:18,34.3250,34.3590,34.9250,34.7700
2025-08-04 20:00:19,34.2950,34.3590,34.8950,34.7700
2025-08-05 00:00:17,34.3050,34.3590,34.9050,34.7700
2025-08-05 04:00:21,34.4200,34.4090,34.8200,34.8200
2025-08-05 08:00:18,34.3600,34.3510,34.7600,34.7590
2025-08-05 12:00:00,33.7300,34.3500,35.0700,34.7500
2025-08-05 12:00:19,34.2250,34.3410,34.8250,34.7490
2025-08-05 16:00:18,34.2550,34.3410,34.8550,34.7490
2025-08-05 20:00:19,34.3050,34.3410,34.9050,34.7490
2025-08-06 00:00:17,34.3450,34.3410,34.9450,34.7490
2025-08-06 04:00:07,34.4400,34.4310,34.8400,34.8390
2025-08-06 08:00:08,34.4900,34.4810,34.8900,34.8880
2025-08-06 08:00:09,34.4900,34.4810,34.8900,34.8880
2025-08-06 12:00:00,33.9000,34.5200,35.2400,34.9200
2025-08-06 12:00:07,34.4350,34.5110,35.0350,34.9180
2025-08-06 16:00:09,34.5350,34.5110,35.1350,34.9180
2025-08-06 20:00:06,34.5550,34.5110,35.1550,34.9180
2025-08-07 00:00:06,34.6550,34.5110,35.2550,34.9180
2025-08-07 04:00:06,34.6300,34.6210,35.0300,35.0280
2025-08-07 08:00:05,34.6200,34.6100,35.0200,35.0190
2025-08-07 12:00:00,34.0100,34.6300,35.3500,35.0300
2025-08-07 12:00:05,34.5050,34.6200,35.1050,35.0290
2025-08-07 16:00:07,34.4450,34.6200,35.0450,35.0290
2025-08-07 20:00:06,34.4150,34.6200,35.0150,35.0290
2025-08-08 00:00:07,34.4550,34.6200,35.0550,35.0290
2025-08-08 04:00:11,34.6000,34.5900,35.0000,34.9990
2025-08-08 08:00:10,34.5500,34.5410,34.9500,34.9490
2025-08-08 12:00:00,33.9800,34.6000,35.3200,35.0000
2025-08-08 12:00:08,34.4250,34.5910,35.0250,34.9990
2025-08-08 16:00:11,34.4550,34.5910,35.0550,34.9990
2025-08-08 20:00:12,34.4550,34.5910,35.0550,34.9990
2025-08-11 00:00:08,34.4650,34.5910,35.0650,34.9990
2025-08-11 04:00:11,34.6500,34.6410,35.0500,35.0490
2025-08-11 08:00:11,34.6600,34.6500,35.0600,35.0570
2025-08-11 12:00:00,34.0300,34.6500,35.3700,35.0500
2025-08-11 12:00:08,34.5350,34.6400,35.1350,35.0470
2025-08-11 16:00:06,34.5350,34.6400,35.1350,35.0470
2025-08-11 20:00:06,34.5350,34.6400,35.1350,35.0470
2025-08-12 00:00:06,34.4550,34.6400,35.0550,35.0470
2025-08-12 04:00:06,34.5700,34.5600,34.9700,34.9670
2025-08-12 08:00:10,34.6000,34.5900,35.0000,35.0000
2025-08-12 12:00:00,34.0600,34.6800,35.4000,35.0800
2025-08-12 12:00:08,34.5650,34.6700,35.1650,35.0800
2025-08-12 16:00:06,34.5850,34.6700,35.1850,35.0800
2025-08-12 20:00:06,34.6550,34.6700,35.2550,35.0800
2025-08-13 00:00:05,34.7450,34.6700,35.3450,35.0800
2025-08-13 04:00:09,34.8000,34.7900,35.2000,35.2000
2025-08-13 08:00:11,34.8300,34.8200,35.2300,35.2290
2025-08-13 12:00:00,34.2400,34.8600,35.5800,35.2600
2025-08-13 12:00:08,34.8150,34.8500,35.4150,35.2590
2025-08-13 16:00:10,34.7950,34.8500,35.3950,35.2590
2025-08-13 20:00:07,34.8050,34.8500,35.4050,35.2590
2025-08-14 00:00:09,34.7650,34.8500,35.3650,35.2590
2025-08-14 04:00:06,34.8500,34.8400,35.2500,35.2490
2025-08-14 08:00:09,34.8300,34.8200,35.2300,35.2300
2025-08-14 12:00:00,34.2000,34.8200,35.5400,35.2200
2025-08-14 12:00:08,34.7250,34.8100,35.3250,35.2200
2025-08-14 16:00:07,34.7050,34.8100,35.3050,35.2200
2025-08-14 20:00:07,34.6850,34.8100,35.2850,35.2200
2025-08-15 00:00:06,34.6250,34.8100,35.2250,35.2200
2025-08-15 04:00:06,34.8100,34.8000,35.2100,35.2100
2025-08-15 08:00:06,34.8500,34.8410,35.2500,35.2480
2025-08-15 12:00:00,34.2200,34.8400,35.5600,35.2400
2025-08-15 12:00:09,34.7650,34.8310,35.3650,35.2380
2025-08-15 16:00:07,34.7850,34.8310,35.3850,35.2380
2025-08-15 20:00:06,34.8150,34.8310,35.4150,35.2380
2025-08-18 00:00:06,34.8350,34.8310,35.4350,35.2380
2025-08-18 04:00:06,34.9300,34.9210,35.3300,35.3280
2025-08-18 08:00:10,34.9500,34.9400,35.3500,35.3490
2025-08-18 12:00:00,34.2800,34.9000,35.6200,35.3000
2025-08-18 12:00:06,34.7950,34.8900,35.3950,35.2990
2025-08-18 16:00:07,34.7850,34.8900,35.3850,35.2990
2025-08-18 20:00:05,34.7550,34.8900,35.3550,35.2990
2025-08-19 00:00:07,34.7450,34.8900,35.3450,35.2990
2025-08-19 04:00:05,34.8300,34.8200,35.2300,35.2290
2025-08-19 08:00:07,34.8900,34.8810,35.2900,35.2880
2025-08-19 12:00:00,34.3600,34.9800,35.7000,35.3800
2025-08-19 12:00:06,34.8750,34.9710,35.4750,35.3780
2025-08-19 16:00:07,34.8650,34.9710,35.4650,35.3780
2025-08-19 20:00:07,34.8050,34.9710,35.4050,35.3780
2025-08-20 00:00:07,34.7850,34.9710,35.3850,35.3780
2025-08-20 04:00:07,34.9300,34.9210,35.3300,35.3280
2025-08-20 08:00:07,35.0200,35.0090,35.4200,35.4200
2025-08-20 12:00:00,34.4700,35.0900,35.8100,35.4900
2025-08-20 12:00:07,34.9650,35.0790,35.5650,35.4900
2025-08-20 16:00:09,35.0650,35.0790,35.6650,35.4900
2025-08-20 20:00:07,35.0550,35.0790,35.6550,35.4900
2025-08-21 00:00:06,35.0250,35.0790,35.6250,35.4900
2025-08-21 04:00:10,35.2000,35.1890,35.6000,35.6000
2025-08-21 08:00:07,35.3100,35.2990,35.7100,35.7090
2025-08-21 12:00:00,34.7400,35.3600,36.0800,35.7600
2025-08-21 12:00:09,35.2750,35.3490,35.8750,35.7590
2025-08-21 16:00:06,35.2150,35.3490,35.8150,35.7590
2025-08-21 20:00:06,35.1250,35.3490,35.7250,35.7590
2025-08-22 00:00:07,35.1250,35.3490,35.7250,35.7590
2025-08-22 04:00:07,35.3900,35.3790,35.7900,35.7890
2025-08-22 08:00:07,35.2500,35.2370,35.6500,35.6520
2025-08-22 12:00:00,34.6500,35.2700,35.9900,35.6700
2025-08-22 12:00:08,35.1950,35.2570,35.7950,35.6720
2025-08-22 16:00:07,35.2250,35.2570,35.8250,35.6720
2025-08-22 20:00:06,35.6050,35.2570,36.2050,35.6720
2025-08-25 00:00:39,35.5750,35.2570,36.1750,35.6720
2025-08-25 04:00:40,35.4100,35.3970,35.8100,35.8120
2025-08-25 08:00:39,35.4200,35.4080,35.8200,35.8170
2025-08-25 12:00:00,34.7900,35.4100,36.1300,35.8100
2025-08-25 12:00:41,35.3150,35.3980,35.9150,35.8070
2025-08-25 16:00:07,35.3150,35.3980,35.9150,35.8070
2025-08-25 20:00:38,35.2250,35.3980,35.8250,35.8070
2025-08-26 00:00:37,35.0750,35.3980,35.6750,35.8070
2025-08-26 04:00:40,35.2700,35.2580,35.6700,35.6670
2025-08-26 08:00:08,35.2600,35.2470,35.6600,35.6590
2025-08-26 12:00:00,34.6800,35.3000,36.0200,35.7000
2025-08-26 12:00:38,35.2550,35.2870,35.8550,35.6990
2025-08-26 16:00:39,35.2750,35.2870,35.8750,35.6990
2025-08-26 20:00:08,35.2850,35.2870,35.8850,35.6990
2025-08-27 00:00:38,35.2750,35.2870,35.8750,35.6990
2025-08-27 04:00:12,35.3400,35.3270,35.7400,35.7390
2025-08-27 08:00:07,35.3000,35.2900,35.7000,35.6970
2025-08-27 12:00:00,34.6500,35.2700,35.9900,35.6700
2025-08-27 12:00:38,35.1450,35.2600,35.7450,35.6670
2025-08-27 16:00:38,35.1250,35.2600,35.7250,35.6670
2025-08-27 20:00:38,35.2950,35.2600,35.8950,35.6670
2025-08-28 00:00:38,35.2850,35.2600,35.8850,35.6670
2025-08-28 04:00:38,35.3800,35.3700,35.7800,35.7770
2025-08-28 08:00:39,35.3300,35.3190,35.7300,35.7300
2025-08-28 12:00:00,34.7900,35.4100,36.1300,35.8100
2025-08-28 12:00:39,35.3250,35.3990,35.9250,35.8100
2025-08-28 16:00:38,35.3950,35.3990,35.9950,35.8100
2025-08-28 20:00:40,35.4250,35.3990,36.0250,35.8100
2025-08-29 00:00:37,35.4250,35.3990,36.0250,35.8100
2025-08-29 04:00:39,35.4700,35.4590,35.8700,35.8700
2025-08-29 08:00:38,35.4700,35.4590,35.8700,35.8700
2025-08-29 12:00:00,34.9000,35.5200,36.2400,35.9200
2025-08-29 12:00:08,35.4250,35.5090,36.0250,35.9200
2025-08-29 16:00:39,35.3950,35.5090,35.9950,35.9200
2025-08-29 20:00:39,35.4950,35.5090,36.0950,35.9200
2025-09-01 00:00:05,35.4850,35.5090,36.0850,35.9200
2025-09-01 04:00:09,35.6000,35.5890,36.0000,36.0000
2025-09-01 08:00:40,35.6600,35.6490,36.0600,36.0600
2025-09-01 12:00:00,35.0700,35.6900,36.4100,36.0900
2025-09-01 12:00:39,35.6150,35.6790,36.2150,36.0900
2025-09-01 16:00:39,35.5750,35.6790,36.1750,36.0900
2025-09-01 20:00:38,35.5250,35.6790,36.1250,36.0900
2025-09-02 00:00:39,35.5550,35.6790,36.1550,36.0900
2025-09-02 04:00:39,35.6600,35.6490,36.0600,36.0600
2025-09-02 08:00:42,35.6400,35.6270,36.0400,36.0370
2025-09-02 12:00:00,34.9100,35.5300,36.2500,35.9300
2025-09-02 12:00:06,35.3850,35.5170,35.9850,35.9270
2025-09-02 16:00:38,35.3950,35.5170,35.9950,35.9270
2025-09-02 20:00:39,35.4150,35.5170,36.0150,35.9270
2025-09-03 00:00:38,35.4150,35.5170,36.0150,35.9270
2025-09-03 04:00:38,35.5400,35.5270,35.9400,35.9370
2025-09-03 08:00:42,35.5400,35.5300,35.9400,35.9360
2025-09-03 12:00:00,34.9300,35.5500,36.2700,35.9500
2025-09-03 12:00:06,35.5250,35.5400,36.1250,35.9460
2025-09-03 16:00:05,35.4650,35.5400,36.0650,35.9460
2025-09-03 20:00:06,35.4950,35.5400,36.0950,35.9460
2025-09-04 00:00:06,35.5250,35.5400,36.1250,35.9460
2025-09-04 04:00:06,35.5800,35.5700,35.9800,35.9760
2025-09-04 08:00:11,35.5600,35.5500,35.9600,35.9580
2025-09-04 12:00:00,34.9500,35.5700,36.2900,35.9700
2025-09-04 12:00:06,35.4550,35.5600,36.0550,35.9680
2025-09-04 16:00:11,35.4750,35.5600,36.0750,35.9680
2025-09-04 20:00:10,35.4550,35.5600,36.0550,35.9680
2025-09-05 00:00:08,35.4650,35.5600,36.0650,35.9680
2025-09-05 04:00:39,35.5200,35.5100,35.9200,35.9180
2025-09-05 08:00:11,35.5200,35.5100,35.9200,35.9180
2025-09-05 12:00:00,34.8700,35.4900,36.2100,35.8900
2025-09-05 12:00:06,35.4250,35.4790,36.0250,35.8880
2025-09-05 16:00:05,35.5750,35.4790,36.1750,35.8880
2025-09-05 20:00:05,35.5650,35.4790,36.1650,35.8880
2025-09-08 00:00:38,35.5250,35.4790,36.1250,35.8880
2025-09-08 04:00:38,35.5100,35.4990,35.9100,35.9080
2025-09-08 08:00:07,35.5500,35.5350,35.9500,35.9470
2025-09-08 12:00:00,34.9800,35.6000,36.3200,36.0000
2025-09-08 12:00:39,35.4650,35.5850,36.0650,35.9970
2025-09-08 16:00:38,35.4950,35.5850,36.0950,35.9970
2025-09-08 20:00:38,35.4950,35.5850,36.0950,35.9970
2025-09-09 00:00:38,35.5750,35.5850,36.1750,35.9970
2025-09-09 04:00:39,35.5800,35.5650,35.9800,35.9770
2025-09-09 08:00:38,35.6000,35.5890,36.0000,35.9990
2025-09-09 12:00:00,34.8500,35.4700,36.1900,35.8700
2025-09-09 12:00:07,35.4350,35.4590,36.0350,35.8690
2025-09-09 16:00:05,35.3550,35.4590,35.9550,35.8690
2025-09-09 20:00:07,35.3350,35.4590,35.9350,35.8690
2025-09-10 00:00:06,35.2450,35.4590,35.8450,35.8690
2025-09-10 04:00:05,35.3400,35.3290,35.7400,35.7390
2025-09-10 08:00:06,35.2200,35.2100,35.6200,35.6190
2025-09-10 12:00:00,34.6000,35.2200,35.9400,35.6200
2025-09-10 12:00:08,35.1350,35.2100,35.7350,35.6190
2025-09-10 16:00:07,35.1350,35.2100,35.7350,35.6190
2025-09-10 20:00:05,35.1350,35.2100,35.7350,35.6190
2025-09-11 00:00:09,35.1150,35.2100,35.7150,35.6190
2025-09-11 04:00:39,35.1800,35.1700,35.5800,35.5790
2025-09-11 08:00:41,35.2600,35.2490,35.6600,35.6620
2025-09-11 12:00:00,34.6200,35.2400,35.9600,35.6400
2025-09-11 12:00:38,35.1150,35.2290,35.7150,35.6420
2025-09-11 16:00:38,35.1850,35.2290,35.7850,35.6420
2025-09-11 20:00:38,35.2050,35.2290,35.8050,35.6420
2025-09-12 00:00:06,35.2750,35.2290,35.8750,35.6420
2025-09-12 04:00:12,35.2400,35.2290,35.6400,35.6420
2025-09-12 08:00:06,35.2700,35.2590,35.6700,35.6700
2025-09-12 12:00:00,34.6600,35.2800,36.0000,35.6800
2025-09-12 12:00:05,35.1050,35.2690,35.7050,35.6800
2025-09-12 16:00:06,35.1450,35.2690,35.7450,35.6800
2025-09-12 20:00:06,35.1450,35.2690,35.7450,35.6800
2025-09-15 00:00:05,35.1450,35.2690,35.7450,35.6800
2025-09-15 04:00:05,35.3200,35.3090,35.7200,35.7200
2025-09-15 08:00:05,35.3400,35.3310,35.7400,35.7400
2025-09-15 12:00:00,34.6300,35.2500,35.9700,35.6500
2025-09-16 12:00:00,34.6400,35.2600,35.9800,35.6600
2025-09-17 12:00:00,34.7500,35.3700,36.0900,35.7700
2025-09-18 12:00:00,34.7700,35.3900,36.1100,35.7900
2025-09-19 12:00:00,34.7300,35.3500,36.0700,35.7500
2025-09-22 12:00:00,34.7200,35.3400,36.0600,35.7400
2025-09-23 12:00:00,34.8800,35.5000,36.2200,35.9000
2025-09-24 12:00:00,34.9000,35.5200,36.2400,35.9200
2025-09-25 12:00:00,34.8800,35.5000,36.2200,35.9000
2025-09-26 12:00:00,34.8000,35.4200,36.1400,35.8200
2025-09-30 12:00:00,34.9500,35.5700,36.2900,35.9700
2025-10-01 12:00:00,34.9600,35.5800,36.3000,35.9800
2025-10-02 12:00:00,34.9200,35.5400,36.2600,35.9400
2025-10-03 12:00:00,34.8100,35.4300,36.1500,35.8300
2025-10-07 12:00:00,34.8200,35.4400,36.1600,35.8400
2025-10-08 12:00:00,34.6900,35.3100,36.0300,35.7100
2025-10-09 12:00:00,34.6400,35.2600,35.9800,35.6600
2025-10-13 12:00:00,34.8000,35.4200,36.1400,35.8200
2025-10-14 12:00:00,34.7200,35.3400,36.0600,35.7400
2025-10-15 12:00:00,34.8300,35.4500,36.1700,35.8500
2025-10-16 12:00:00,34.8800,35.5000,36.2200,35.9000
2025-10-17 12:00:00,35.1000,35.7200,36.4400,36.1200
2025-10-20 12:00:00,34.8900,35.5100,36.2300,35.9100
2025-10-21 12:00:00,34.8400,35.4600,36.1800,35.8600
2025-10-22 12:00:00,34.8200,35.4400,36.1600,35.8400
2025-10-23 12:00:00,34.9200,35.5400,36.2600,35.9400
2025-10-27 12:00:00,34.8500,35.4700,36.1900,35.8700
2025-10-28 12:00:00,34.8700,35.4900,36.2100,35.8900
2025-10-29 12:00:00,34.8000,35.4200,36.1400,35.8200
2025-10-30 12:00:00,34.8400,35.4600,36.1800,35.8600
2025-10-31 12:00:00,34.7200,35.3400,36.0600,35.7400
2025-11-03 12:00:00,34.7600,35.3800,36.1000,35.7800
2025-11-04 12:00:00,34.8000,35.4200,36.1400,35.8200
2025-11-05 12:00:00,34.7200,35.3400,36.0600,35.7400
2025-11-06 12:00:00,34.8100,35.4300,36.1500,35.8300
2025-11-07 12:00:00,34.9800,35.6000,36.3200,36.0000
2025-11-10 12:00:00,35.0400,35.6600,36.3800,36.0600
2025-11-11 12:00:00,35.0700,35.6900,36.4100,36.0900
2025-11-12 12:00:00,35.1500,35.7700,36.4900,36.1700
2025-11-13 12:00:00,35.2500,35.8700,36.5900,36.2700
2025-11-14 12:00:00,35.4100,36.0300,36.7500,36.4300
2025-11-17 12:00:00,35.3700,35.9900,36.7100,36.3900
2025-11-18 12:00:00,35.3400,35.9600,36.6800,36.3600
2025-11-19 12:00:00,35.3800,36.0000,36.7200,36.4000
2025-11-20 12:00:00,35.2300,35.8500,36.5700,36.2500
2025-11-21 12:00:00,35.4500,36.0700,36.7900,36.4700
2025-11-24 12:00:00,35.3800,36.0000,36.7200,36.4000
2025-11-25 12:00:00,35.4100,36.0300,36.7500,36.4300
2025-11-26 12:00:00,35.4700,36.0900,36.8100,36.4900
2025-11-27 12:00:00,35.5000,36.1200,36.8400,36.5200
2025-11-28 12:00:00,35.5300,36.1500,36.8700,36.5500
2025-12-01 12:00:00,35.6600,36.2800,37.0000,36.6800
2025-12-02 12:00:00,35.6600,36.2800,37.0000,36.6800
2025-12-03 12:00:00,35.6500,36.2700,36.9900,36.6700
2025-12-04 12:00:00,35.7200,36.3400,37.0600,36.7400
2025-12-05 12:00:00,35.6200,36.2400,36.9600,36.6400
2025-12-08 12:00:00,35.5500,36.1700,36.8900,36.5700
2025-12-09 12:00:00,35.5000,36.1200,36.8400,36.5200
2025-12-10 12:00:00,35.5100,36.1300,36.8500,36.5300
2025-12-11 12:00:00,35.7400,36.3600,37.0800,36.7600
2025-12-12 12:00:00,35.7600,36.3800,37.1000,36.7800
2025-12-15 12:00:00,35.9900,36.6100,37.3300,37.0100
2025-12-16 12:00:00,36.1700,36.7900,37.5100,37.1900
2025-12-17 12:00:00,36.1200,36.7400,37.4600,37.1400
2025-12-18 12:00:00,36.1700,36.7900,37.5100,37.1900
2025-12-19 12:00:00,36.1100,36.7300,37.4500,37.1300
2025-12-22 12:00:00,36.1600,36.7800,37.5000,37.1800
2025-12-23 12:00:00,36.3000,36.9200,37.6400,37.3200
2025-12-24 12:00:00,36.2900,36.9100,37.6300,37.3100
2025-12-26 12:00:00,36.1900,36.8100,37.5300,37.2100
2025-12-29 12:00:00,36.2000,36.8200,37.5400,37.2200
2025-12-30 12:00:00,36.1200,36.7400,37.4600,37.1400
2025-12-31 12:00:00,36.0800,36.7000,37.4200,37.1000
2026-01-02 12:00:00,36.0500,36.6700,37.3900,37.0700
2026-01-05 12:00:00,36.0400,36.6600,37.3800,37.0600
2026-01-06 12:00:00,36.1600,36.7800,37.5000,37.1800
2026-01-07 12:00:00,36.0000,36.6200,37.3400,37.0200
2026-01-08 12:00:00,36.0500,36.6700,37.3900,37.0700
2026-01-09 12:00:00,36.0100,36.6300,37.3500,37.0300
2026-01-12 12:00:00,36.1600,36.7800,37.5000,37.1800
2026-01-13 12:00:00,36.1000,36.7200,37.4400,37.1200
2026-01-14 12:00:00,36.0200,36.6400,37.3600,37.0400
2026-01-15 12:00:00,35.9000,36.5200,37.2400,36.9200
2026-01-16 12:00:00,35.8300,36.4500,37.1700,36.8500
2026-01-19 12:00:00,35.9200,36.5400,37.2600,36.9400
2026-01-20 12:00:00,36.1300,36.7500,37.4700,37.1500
2026-01-21 12:00:00,36.2400,36.8600,37.5800,37.2600
2026-01-22 12:00:00,36.1300,36.7500,37.4700,37.1500
2026-01-23 12:00:00,36.2200,36.8400,37.5600,37.2400
2026-01-26 12:00:00,36.5000,37.1200,37.8400,37.5200
2026-01-27 12:00:00,36.4700,37.0900,37.8100,37.4900
2026-01-28 16:01:00,36.7100,37.3300,38.0500,37.7300
2026-01-29 16:01:00,36.6800,37.3000,38.0200,37.7000
2026-02-02 00:00:00,36.6600,37.2800,38.0000,37.6800
2026-02-03 00:00:00,36.4800,37.1000,37.8200,37.5000
2026-02-04 00:00:00,36.5300,37.1500,37.8700,37.5500
2026-02-05 00:00:00,36.5400,37.1600,37.8800,37.5600
2026-02-06 00:00:00,36.5400,37.1600,37.8800,37.5600
2026-02-09 00:00:00,36.5700,37.1900,37.9100,37.5900
2026-02-10 00:00:00,36.7700,37.3900,38.1100,37.7900
2026-02-11 00:00:00,36.6700,37.2900,38.0100,37.6900
2026-02-12 00:00:00,36.5300,37.1500,37.8700,37.5500
2026-02-13 00:00:00,36.5500,37.1700,37.8900,37.5700
2026-02-23 00:00:00,36.3700,36.9900,37.7100,37.3900
2026-02-24 00:00:00,36.2300,36.8500,37.5700,37.2500
2026-02-25 00:00:00,36.1300,36.7500,37.4700,37.1500
2026-02-26 00:00:00,36.0700,36.6900,37.4100,37.0900
2026-03-02 00:00:00,36.0500,36.6700,37.3900,37.0700
2026-03-03 00:00:00,36.0100,36.6300,37.3500,37.0300
2026-03-04 16:01:00,36.0000,36.6200,37.3400,37.0200
2026-03-05 16:01:00,35.9500,36.5700,37.2900,36.9700
2026-03-06 16:01:00,35.9700,36.5900,37.3100,36.9900
2026-03-09 16:00:00,36.1000,36.7200,37.4400,37.1200
2026-03-11 16:02:00,36.0500,36.6700,37.3900,37.0700
2026-03-12 16:01:00,35.9900,36.6100,37.3300,37.0100
2026-03-13 16:01:00,35.7500,36.3700,37.0900,36.7700
2026-03-16 16:01:00,35.7500,36.3700,37.0900,36.7700
2026-03-17 16:01:00,35.8700,36.4900,37.2100,36.8900
2026-03-18 16:01:00,35.8900,36.5100,37.2300,36.9100
2026-03-19 16:01:00,35.8000,36.4200,37.1400,36.8200
2026-03-20 16:01:00,36.1900,36.8100,37.5300,37.2100
2026-03-23 16:01:00,36.2000,36.8200,37.5400,37.2200
2026-03-24 16:01:00,36.3700,36.9900,37.7100,37.3900
2026-03-25 16:00:00,36.2000,36.8200,37.5400,37.2200
2026-03-26 16:01:00,36.0100,36.6300,37.3500,37.0300
